<?xml version="1.0" encoding="utf-8"?>
<extension version="3.1" type="plugin" group="system">
    <name>PLG_SYSTEM_BOOKINGCCIDEAL</name>
    <author>ARTIO LTD</author>
    <creationDate>September 2014</creationDate>
    <copyright>Copyright (C) 2006 - 2014 ARTIO LTD. All rights reserved.</copyright>
    <license>GNU General Public License version 2 or later; see LICENSE.txt</license>
    <authorEmail>info@artio.net</authorEmail>
    <authorUrl>www.artio.net</authorUrl>
    <version>3.0.0</version>
    <description>PLG_SYSTEM_BOOKINGCCIDEAL_XML_DESCRIPTION</description>
    <files>
        <filename plugin="bookingccideal">bookingccideal.php</filename>
        <filename>index.html</filename>
    </files>
    <languages folder="language">
        <language tag="en-GB">en-GB/en-GB.plg_system_bookingccideal.ini</language>
        <language tag="en-GB">en-GB/en-GB.plg_system_bookingccideal.sys.ini</language>
    </languages>
</extension>